{"cameraMode":{"drawMode":0,"name":"Shaded","section":"Shading Mode"},"sceneLighting":false,"audioPlay":false,"sceneViewState":{"showFog":true,"showMaterialUpdate":false,"showSkybox":false,"showFlares":true,"showImageEffects":true,"showParticleSystems":true,"showVisualEffectGraphs":true,"m_FxEnabled":true},"in2DMode":false,"pivot":{"x":0.23145699501037599,"y":0.2706592082977295,"z":0.3596785068511963},"rotation":{"x":-0.3014945089817047,"y":0.20413406193256379,"z":-0.06625262647867203,"w":-0.9290112853050232},"size":2.3864197731018068,"orthographic":false}